{"cameraMode":{"drawMode":0,"name":"Shaded","section":"Shading Mode"},"sceneLighting":false,"audioPlay":false,"sceneViewState":{"showFog":true,"showMaterialUpdate":false,"showSkybox":true,"showFlares":true,"showImageEffects":true,"showParticleSystems":true},"in2DMode":false,"pivot":{"x":9.0,"y":0.898695707321167,"z":-0.8100000023841858},"rotation":{"x":-0.004602532833814621,"y":0.9910191893577576,"z":-0.1288682371377945,"w":-0.03539444878697395},"size":4.348443508148193,"orthographic":false}