{"cameraMode":{"drawMode":0,"name":"Shaded","section":"Shading Mode"},"sceneLighting":false,"audioPlay":false,"sceneViewState":{"showFog":true,"showMaterialUpdate":false,"showSkybox":true,"showFlares":true,"showImageEffects":true,"showParticleSystems":true},"in2DMode":false,"pivot":{"x":6.024198532104492,"y":0.9814640283584595,"z":-0.7099998593330383},"rotation":{"x":-0.032634783536195758,"y":0.9658589959144592,"z":-0.15221646428108216,"w":-0.20707844197750092},"size":4.385385513305664,"orthographic":false}